,3D Printing,A/B Testing,APIs,ARKit,Action Games,Ad Blockers,Adventure Games,Advertising,Airbnb,Alexa Skills,Amazon,Analytics,Android,Anonymous,Apple,Apple TV,Apple Watch,Art,Art Books,Artificial Intelligence,Augmented Reality,Backpacks,Basketball,Batteries,Beauty,Biking,Biohacking,Board Games,Books,Bots,Branding,CSM Tools,Calendar and Scheduling,Card Games,Cars,Cats,Celebrities,Charity and Giving,Chrome Extensions,Coffee,Comics and Graphic Novels,Cooking,Cooking Books,Couples,Crime Books,Crowdfunding,Cryptocurrencies,Custom iPhone Keyboards,Customer communication,DJing,Dating,Delivery,Design Books,Design Tools,Developer Tools,Dogs,Donald Trump,Drinking,Drones,Dropbox,E-Commerce,Education,Email,Email Marketing,Email Newsletters,Emoji,Events,Facebook,Facebook Messenger,Fantasy Games,Fashion,Fashion Books,Fintech,Firefox Extensions,Football,Free Games,Freelance,Funny,Funny Games,GIFs,Games,GitHub,Google,Google Home,Green Tech,Growth Hacking,Hardware,Health and Fitness,Hiring and Recruiting,History Books,Home,Horror Books,Icons,Indie Games,Instagram,Internet of Things,Investing,Jewelry,Kids,Kindle,Learn a Language,Legal,LinkedIn,Linux,Mac,Mac Menu Bar Apps,Maps,Marketing,Meditation,Medium,Meetings,Messaging,Movies,Moving and Storage,Music,Netflix,News,Nomad Lifestyle,Note,Oculus Rift,On-Demand,Open Source,Outdoors,PS4,Parenting,Party,Payment,Pets,Phone Cases,Photography,Photoshop,Platformers,Pokemon,Politics,Privacy,Product Hunt,Productivity,Prototyping,Public Relations,Puzzle Games,Robots,SEO Tools,SaaS,Safari Extensions,Sales,Science Books,Sketch,Slack,Snapchat,Sneakers and Shoes,Soccer,Social Media Tools,Software Engineering,SoundCloud,Space,Sports,Spotify,Spreadsheets,Squarespace,Standing Desks,Star Wars,Startup Books,TV,Task Management,Tech,Telegram,Text Editors,Time Tracking,Touch Bar Apps,Transportation,Travel,Twitter,Typography,Uber,User Experience,Venture Capital,Video Streaming,Virtual Assistants,Virtual Reality,Wallpaper,Wearables,Weather Apps,Web App,Wi-Fi,Windows,Wordpress,Writing Tools,Xbox One,YouTube,iMessage Apps,iPad,iPhone,reddit
201401,0.0,0.0,1021.0,0.0,0.0,0.0,0.0,0.0,0.0,0.0,0.0,271.0,1860.0,0.0,0.0,0.0,1235.0,0.0,0.0,0.0,0.0,0.0,0.0,0.0,0.0,0.0,0.0,0.0,0.0,0.0,186.0,962.0,0.0,0.0,0.0,0.0,0.0,0.0,962.0,0.0,0.0,0.0,0.0,0.0,0.0,0.0,0.0,0.0,962.0,0.0,0.0,0.0,0.0,1168.0,925.0,0.0,0.0,0.0,0.0,0.0,0.0,0.0,962.0,0.0,0.0,0.0,0.0,0.0,0.0,0.0,0.0,0.0,254.0,0.0,0.0,0.0,0.0,0.0,0.0,0.0,0.0,0.0,0.0,0.0,0.0,0.0,0.0,5017.0,0.0,0.0,0.0,0.0,0.0,0.0,0.0,0.0,0.0,116.0,0.0,138.0,0.0,0.0,0.0,5155.0,5485.0,5245.0,159.0,0.0,0.0,0.0,0.0,0.0,0.0,0.0,0.0,0.0,0.0,0.0,0.0,0.0,0.0,0.0,0.0,0.0,0.0,0.0,0.0,0.0,0.0,0.0,0.0,0.0,0.0,0.0,0.0,181.0,1201.0,813.0,0.0,0.0,0.0,0.0,0.0,962.0,962.0,0.0,0.0,1021.0,0.0,0.0,0.0,355.0,0.0,0.0,0.0,0.0,0.0,0.0,0.0,0.0,0.0,0.0,0.0,0.0,14819.0,0.0,0.0,102.0,0.0,0.0,0.0,0.0,0.0,273.0,0.0,0.0,289.0,0.0,0.0,0.0,0.0,0.0,5130.0,0.0,5155.0,0.0,129.0,0.0,0.0,0.0,1131.0,1960.0,0.0
201402,0.0,0.0,1876.0,0.0,0.0,0.0,0.0,0.0,0.0,0.0,0.0,239.0,446.0,0.0,0.0,0.0,0.0,0.0,0.0,173.0,0.0,0.0,0.0,0.0,0.0,0.0,0.0,0.0,0.0,0.0,0.0,0.0,0.0,0.0,0.0,0.0,0.0,0.0,1194.0,0.0,0.0,0.0,0.0,0.0,0.0,0.0,0.0,0.0,0.0,0.0,0.0,0.0,0.0,239.0,1100.0,0.0,0.0,0.0,0.0,0.0,231.0,0.0,468.0,177.0,177.0,0.0,105.0,0.0,0.0,0.0,0.0,0.0,0.0,273.0,0.0,0.0,0.0,0.0,0.0,1380.0,118.0,0.0,0.0,0.0,0.0,177.0,0.0,0.0,0.0,0.0,0.0,0.0,0.0,0.0,0.0,255.0,0.0,255.0,0.0,0.0,0.0,107.0,0.0,0.0,3079.0,1556.0,0.0,177.0,0.0,0.0,0.0,173.0,0.0,0.0,0.0,0.0,0.0,0.0,0.0,0.0,0.0,0.0,0.0,0.0,0.0,0.0,0.0,0.0,0.0,0.0,0.0,0.0,0.0,0.0,0.0,331.0,2078.0,0.0,0.0,0.0,0.0,0.0,530.0,0.0,291.0,0.0,0.0,0.0,0.0,0.0,0.0,0.0,239.0,0.0,0.0,0.0,0.0,0.0,0.0,0.0,0.0,0.0,0.0,239.0,12693.0,0.0,297.0,0.0,0.0,0.0,0.0,0.0,0.0,0.0,560.0,0.0,0.0,0.0,0.0,0.0,255.0,0.0,3617.0,0.0,2381.0,0.0,0.0,0.0,0.0,0.0,391.0,698.0,0.0
201403,0.0,0.0,0.0,0.0,0.0,0.0,0.0,0.0,0.0,0.0,0.0,112.0,1589.0,0.0,0.0,0.0,0.0,0.0,0.0,0.0,0.0,0.0,0.0,0.0,0.0,0.0,0.0,0.0,0.0,0.0,0.0,0.0,0.0,0.0,0.0,0.0,0.0,0.0,787.0,0.0,0.0,0.0,0.0,0.0,0.0,0.0,0.0,0.0,1065.0,0.0,0.0,0.0,288.0,0.0,1117.0,0.0,0.0,0.0,0.0,0.0,0.0,0.0,1366.0,1065.0,1065.0,0.0,0.0,0.0,0.0,0.0,0.0,0.0,0.0,0.0,0.0,0.0,0.0,0.0,0.0,0.0,166.0,0.0,0.0,0.0,0.0,0.0,0.0,112.0,0.0,0.0,0.0,0.0,0.0,0.0,0.0,0.0,0.0,0.0,0.0,0.0,0.0,188.0,177.0,727.0,1071.0,0.0,0.0,1065.0,0.0,117.0,0.0,1065.0,0.0,0.0,0.0,0.0,0.0,0.0,0.0,0.0,0.0,0.0,0.0,0.0,0.0,0.0,0.0,0.0,0.0,0.0,0.0,0.0,0.0,0.0,188.0,391.0,802.0,0.0,0.0,0.0,0.0,0.0,217.0,0.0,0.0,0.0,0.0,0.0,0.0,0.0,0.0,147.0,0.0,0.0,0.0,0.0,0.0,0.0,0.0,0.0,0.0,0.0,0.0,155.0,11984.0,0.0,0.0,0.0,0.0,0.0,217.0,0.0,0.0,0.0,0.0,0.0,0.0,0.0,0.0,0.0,0.0,0.0,3451.0,0.0,344.0,255.0,154.0,0.0,0.0,0.0,457.0,1268.0,0.0
201404,170.0,0.0,0.0,0.0,0.0,0.0,0.0,0.0,0.0,0.0,0.0,150.0,318.0,0.0,0.0,0.0,0.0,0.0,0.0,0.0,0.0,0.0,0.0,0.0,0.0,0.0,0.0,0.0,0.0,0.0,0.0,0.0,0.0,0.0,0.0,0.0,0.0,0.0,0.0,135.0,0.0,0.0,0.0,0.0,0.0,0.0,277.0,0.0,0.0,0.0,0.0,0.0,0.0,527.0,275.0,116.0,0.0,0.0,0.0,0.0,144.0,135.0,127.0,127.0,127.0,0.0,0.0,0.0,0.0,0.0,0.0,0.0,0.0,183.0,0.0,0.0,121.0,0.0,0.0,0.0,0.0,0.0,0.0,0.0,0.0,0.0,140.0,0.0,116.0,0.0,133.0,0.0,0.0,0.0,0.0,0.0,0.0,0.0,0.0,0.0,0.0,0.0,0.0,0.0,1901.0,647.0,0.0,0.0,0.0,0.0,0.0,0.0,0.0,0.0,0.0,0.0,0.0,0.0,0.0,0.0,0.0,0.0,468.0,0.0,0.0,0.0,0.0,116.0,0.0,0.0,0.0,0.0,0.0,0.0,0.0,168.0,443.0,0.0,0.0,0.0,0.0,0.0,0.0,183.0,0.0,0.0,0.0,0.0,0.0,0.0,0.0,150.0,121.0,0.0,0.0,0.0,0.0,0.0,0.0,133.0,0.0,0.0,0.0,0.0,9438.0,0.0,121.0,0.0,0.0,0.0,0.0,150.0,0.0,0.0,207.0,0.0,0.0,0.0,0.0,0.0,0.0,0.0,1847.0,0.0,0.0,0.0,0.0,0.0,0.0,0.0,183.0,712.0,0.0
201405,0.0,0.0,174.0,0.0,0.0,0.0,0.0,0.0,0.0,0.0,0.0,189.0,163.0,0.0,0.0,0.0,179.0,0.0,0.0,524.0,0.0,0.0,0.0,0.0,0.0,0.0,0.0,0.0,0.0,524.0,0.0,124.0,739.0,0.0,0.0,0.0,0.0,0.0,0.0,321.0,0.0,0.0,0.0,0.0,0.0,0.0,0.0,0.0,124.0,0.0,0.0,174.0,0.0,125.0,740.0,129.0,0.0,0.0,0.0,0.0,630.0,0.0,215.0,168.0,0.0,0.0,0.0,0.0,0.0,0.0,0.0,0.0,0.0,0.0,0.0,0.0,0.0,0.0,0.0,0.0,0.0,380.0,0.0,0.0,0.0,174.0,0.0,0.0,0.0,0.0,0.0,0.0,0.0,0.0,0.0,453.0,0.0,0.0,218.0,0.0,0.0,0.0,0.0,0.0,1206.0,0.0,0.0,427.0,0.0,0.0,0.0,168.0,0.0,0.0,124.0,0.0,0.0,321.0,0.0,0.0,0.0,0.0,0.0,0.0,0.0,0.0,382.0,129.0,0.0,0.0,0.0,0.0,0.0,0.0,0.0,0.0,1558.0,0.0,0.0,240.0,0.0,174.0,189.0,0.0,197.0,0.0,0.0,321.0,0.0,0.0,0.0,0.0,0.0,0.0,0.0,0.0,0.0,0.0,0.0,0.0,0.0,0.0,0.0,0.0,10877.0,0.0,0.0,0.0,0.0,0.0,321.0,0.0,0.0,0.0,259.0,0.0,0.0,524.0,0.0,0.0,0.0,0.0,3641.0,0.0,775.0,0.0,775.0,0.0,0.0,0.0,179.0,969.0,0.0
201406,0.0,0.0,166.0,0.0,0.0,0.0,0.0,0.0,0.0,0.0,0.0,207.0,1422.0,0.0,0.0,0.0,0.0,0.0,0.0,0.0,0.0,0.0,0.0,0.0,0.0,0.0,0.0,0.0,0.0,0.0,0.0,0.0,0.0,0.0,0.0,0.0,0.0,0.0,305.0,383.0,0.0,0.0,0.0,0.0,0.0,0.0,0.0,0.0,0.0,0.0,0.0,0.0,0.0,0.0,489.0,0.0,0.0,0.0,0.0,0.0,0.0,0.0,0.0,0.0,0.0,0.0,0.0,0.0,0.0,0.0,213.0,0.0,0.0,708.0,0.0,0.0,0.0,561.0,0.0,305.0,0.0,0.0,179.0,0.0,0.0,0.0,0.0,289.0,207.0,0.0,0.0,0.0,0.0,0.0,0.0,0.0,0.0,0.0,0.0,0.0,0.0,0.0,0.0,1054.0,1958.0,1531.0,0.0,0.0,0.0,0.0,0.0,0.0,0.0,0.0,0.0,0.0,0.0,0.0,0.0,0.0,0.0,0.0,262.0,0.0,0.0,0.0,0.0,0.0,0.0,0.0,0.0,0.0,0.0,0.0,0.0,677.0,708.0,0.0,0.0,0.0,0.0,0.0,0.0,0.0,0.0,0.0,0.0,0.0,0.0,0.0,0.0,0.0,0.0,318.0,0.0,0.0,0.0,0.0,0.0,0.0,0.0,0.0,0.0,708.0,13448.0,0.0,0.0,0.0,0.0,225.0,0.0,0.0,0.0,0.0,0.0,0.0,0.0,0.0,0.0,0.0,289.0,0.0,2332.0,232.0,708.0,0.0,0.0,0.0,0.0,0.0,952.0,1666.0,0.0
201407,0.0,0.0,0.0,0.0,0.0,0.0,0.0,0.0,0.0,220.0,0.0,559.0,2187.0,0.0,0.0,0.0,268.0,0.0,0.0,396.0,0.0,0.0,0.0,0.0,0.0,0.0,0.0,0.0,0.0,765.0,0.0,0.0,396.0,0.0,0.0,0.0,0.0,0.0,0.0,0.0,0.0,0.0,0.0,0.0,0.0,0.0,0.0,0.0,0.0,0.0,0.0,0.0,0.0,786.0,786.0,0.0,0.0,0.0,0.0,0.0,0.0,0.0,0.0,0.0,0.0,0.0,0.0,0.0,0.0,0.0,0.0,0.0,765.0,0.0,0.0,0.0,0.0,0.0,0.0,0.0,0.0,0.0,1197.0,0.0,0.0,0.0,0.0,0.0,313.0,0.0,220.0,0.0,0.0,0.0,0.0,220.0,0.0,0.0,0.0,927.0,0.0,0.0,0.0,0.0,2211.0,0.0,0.0,559.0,0.0,0.0,0.0,313.0,0.0,0.0,234.0,0.0,0.0,850.0,0.0,0.0,245.0,0.0,0.0,0.0,0.0,0.0,0.0,0.0,0.0,0.0,0.0,0.0,0.0,0.0,0.0,357.0,1052.0,0.0,988.0,0.0,0.0,0.0,0.0,0.0,872.0,0.0,0.0,0.0,0.0,0.0,0.0,0.0,0.0,0.0,0.0,0.0,0.0,0.0,0.0,0.0,0.0,0.0,0.0,927.0,21274.0,0.0,0.0,0.0,0.0,0.0,0.0,0.0,0.0,0.0,293.0,0.0,0.0,0.0,0.0,0.0,0.0,0.0,3796.0,370.0,927.0,0.0,0.0,0.0,0.0,0.0,2239.0,5805.0,0.0
201408,0.0,0.0,622.0,0.0,0.0,0.0,0.0,283.0,0.0,0.0,0.0,0.0,658.0,0.0,0.0,0.0,0.0,0.0,0.0,0.0,0.0,0.0,0.0,0.0,0.0,0.0,0.0,0.0,0.0,0.0,0.0,0.0,0.0,0.0,649.0,0.0,0.0,0.0,337.0,0.0,0.0,0.0,0.0,0.0,0.0,0.0,0.0,0.0,0.0,0.0,290.0,0.0,0.0,337.0,633.0,0.0,0.0,0.0,0.0,0.0,0.0,0.0,788.0,0.0,0.0,0.0,0.0,0.0,0.0,0.0,0.0,0.0,764.0,337.0,0.0,334.0,0.0,715.0,0.0,458.0,0.0,0.0,0.0,0.0,0.0,283.0,362.0,0.0,0.0,0.0,0.0,0.0,0.0,0.0,290.0,0.0,481.0,0.0,0.0,0.0,0.0,0.0,0.0,951.0,2426.0,687.0,0.0,283.0,0.0,0.0,0.0,0.0,0.0,0.0,334.0,0.0,0.0,0.0,0.0,0.0,283.0,0.0,0.0,0.0,0.0,0.0,0.0,0.0,0.0,0.0,0.0,0.0,0.0,0.0,0.0,3801.0,548.0,0.0,283.0,0.0,0.0,283.0,0.0,337.0,0.0,0.0,0.0,340.0,0.0,0.0,0.0,0.0,283.0,0.0,0.0,0.0,714.0,0.0,0.0,0.0,0.0,0.0,0.0,0.0,26190.0,0.0,951.0,0.0,0.0,0.0,0.0,0.0,337.0,450.0,0.0,0.0,0.0,0.0,0.0,0.0,0.0,0.0,5115.0,0.0,1342.0,0.0,0.0,0.0,458.0,0.0,0.0,6814.0,0.0
201409,0.0,0.0,0.0,0.0,0.0,0.0,0.0,0.0,0.0,0.0,0.0,0.0,2408.0,0.0,2181.0,0.0,1637.0,0.0,0.0,0.0,0.0,0.0,0.0,0.0,0.0,0.0,0.0,0.0,2274.0,543.0,0.0,0.0,0.0,0.0,0.0,0.0,0.0,0.0,1360.0,0.0,0.0,0.0,0.0,0.0,0.0,0.0,0.0,0.0,0.0,0.0,0.0,470.0,0.0,0.0,0.0,0.0,0.0,0.0,0.0,0.0,0.0,0.0,0.0,0.0,490.0,0.0,0.0,0.0,0.0,0.0,0.0,0.0,0.0,1360.0,0.0,0.0,0.0,489.0,0.0,0.0,0.0,0.0,0.0,0.0,0.0,0.0,1610.0,0.0,0.0,0.0,0.0,0.0,0.0,0.0,578.0,0.0,0.0,0.0,0.0,0.0,0.0,0.0,0.0,0.0,1755.0,1353.0,0.0,0.0,0.0,0.0,0.0,0.0,0.0,0.0,0.0,0.0,464.0,0.0,0.0,0.0,0.0,0.0,0.0,0.0,0.0,0.0,571.0,0.0,0.0,0.0,0.0,0.0,0.0,0.0,0.0,0.0,1360.0,0.0,0.0,0.0,440.0,0.0,0.0,1360.0,0.0,0.0,0.0,0.0,0.0,0.0,0.0,0.0,0.0,0.0,0.0,0.0,0.0,0.0,0.0,0.0,0.0,2274.0,0.0,0.0,27485.0,0.0,0.0,1360.0,0.0,0.0,0.0,0.0,0.0,0.0,490.0,0.0,0.0,470.0,0.0,0.0,0.0,0.0,4605.0,544.0,1762.0,0.0,0.0,0.0,0.0,0.0,3449.0,5566.0,0.0
201410,0.0,0.0,0.0,0.0,0.0,0.0,0.0,0.0,0.0,0.0,0.0,0.0,12752.0,0.0,0.0,0.0,1772.0,0.0,0.0,0.0,0.0,0.0,0.0,0.0,0.0,0.0,0.0,0.0,550.0,785.0,0.0,0.0,0.0,0.0,0.0,0.0,0.0,0.0,1772.0,590.0,0.0,0.0,0.0,0.0,0.0,0.0,0.0,0.0,0.0,0.0,0.0,0.0,0.0,6461.0,0.0,0.0,0.0,0.0,0.0,0.0,0.0,2604.0,0.0,0.0,0.0,0.0,0.0,0.0,0.0,0.0,0.0,0.0,1620.0,0.0,0.0,0.0,0.0,785.0,0.0,0.0,0.0,832.0,3331.0,0.0,0.0,1106.0,921.0,0.0,784.0,0.0,0.0,0.0,0.0,0.0,0.0,0.0,0.0,0.0,0.0,0.0,0.0,0.0,0.0,0.0,3778.0,0.0,0.0,0.0,0.0,0.0,0.0,0.0,0.0,0.0,0.0,0.0,734.0,0.0,1772.0,0.0,0.0,0.0,0.0,0.0,0.0,0.0,0.0,0.0,0.0,2147.0,0.0,0.0,0.0,0.0,0.0,0.0,1772.0,0.0,0.0,0.0,0.0,0.0,0.0,1772.0,0.0,0.0,0.0,784.0,0.0,0.0,0.0,0.0,0.0,0.0,0.0,0.0,0.0,0.0,0.0,797.0,0.0,0.0,0.0,0.0,46365.0,0.0,0.0,0.0,0.0,921.0,0.0,0.0,574.0,0.0,0.0,0.0,0.0,610.0,0.0,0.0,0.0,0.0,17611.0,0.0,1772.0,0.0,2189.0,0.0,0.0,0.0,3617.0,15633.0,0.0
201411,0.0,0.0,582.0,0.0,0.0,0.0,1086.0,0.0,0.0,0.0,1465.0,2678.0,2781.0,0.0,0.0,0.0,552.0,0.0,0.0,986.0,0.0,0.0,0.0,0.0,0.0,0.0,0.0,0.0,2701.0,0.0,1320.0,0.0,552.0,0.0,0.0,0.0,0.0,0.0,0.0,0.0,0.0,0.0,0.0,0.0,0.0,0.0,0.0,0.0,0.0,0.0,0.0,0.0,0.0,8735.0,5147.0,0.0,0.0,0.0,0.0,0.0,0.0,463.0,0.0,684.0,684.0,0.0,0.0,620.0,0.0,0.0,1105.0,0.0,0.0,0.0,0.0,0.0,691.0,0.0,0.0,0.0,1086.0,0.0,642.0,0.0,0.0,533.0,0.0,568.0,0.0,0.0,545.0,0.0,494.0,0.0,0.0,0.0,684.0,0.0,0.0,0.0,0.0,0.0,0.0,0.0,5366.0,3313.0,0.0,1146.0,0.0,1464.0,533.0,1600.0,595.0,0.0,0.0,0.0,1689.0,0.0,0.0,0.0,0.0,0.0,0.0,0.0,0.0,0.0,0.0,0.0,0.0,1196.0,0.0,0.0,0.0,0.0,0.0,1005.0,2538.0,990.0,0.0,0.0,0.0,1683.0,0.0,0.0,0.0,0.0,2658.0,0.0,0.0,0.0,0.0,885.0,745.0,0.0,0.0,0.0,0.0,0.0,0.0,0.0,0.0,3237.0,0.0,2321.0,32350.0,0.0,0.0,552.0,0.0,642.0,459.0,0.0,516.0,495.0,2427.0,0.0,595.0,649.0,0.0,0.0,568.0,0.0,8583.0,0.0,607.0,0.0,0.0,0.0,0.0,0.0,1754.0,4307.0,1005.0
201412,0.0,0.0,0.0,0.0,0.0,0.0,0.0,0.0,0.0,0.0,0.0,1062.0,5912.0,0.0,1483.0,0.0,2595.0,0.0,0.0,0.0,0.0,0.0,495.0,650.0,0.0,0.0,0.0,0.0,0.0,0.0,0.0,0.0,459.0,0.0,0.0,0.0,0.0,0.0,4972.0,650.0,0.0,0.0,0.0,0.0,0.0,0.0,0.0,0.0,670.0,0.0,0.0,0.0,0.0,4120.0,2843.0,0.0,0.0,1072.0,0.0,0.0,479.0,1295.0,4111.0,0.0,800.0,0.0,0.0,0.0,0.0,0.0,0.0,0.0,1272.0,3018.0,495.0,0.0,0.0,0.0,0.0,0.0,0.0,0.0,0.0,0.0,0.0,0.0,0.0,2826.0,668.0,0.0,0.0,0.0,0.0,0.0,0.0,0.0,1941.0,0.0,0.0,0.0,500.0,0.0,0.0,0.0,9794.0,3272.0,0.0,1466.0,0.0,0.0,898.0,2449.0,514.0,0.0,3707.0,0.0,2153.0,1805.0,788.0,0.0,0.0,0.0,0.0,0.0,0.0,0.0,0.0,0.0,591.0,474.0,0.0,0.0,0.0,0.0,518.0,1132.0,14021.0,656.0,0.0,0.0,0.0,0.0,0.0,660.0,0.0,0.0,0.0,1538.0,0.0,0.0,495.0,0.0,668.0,0.0,0.0,495.0,0.0,0.0,0.0,0.0,0.0,664.0,0.0,0.0,39547.0,0.0,0.0,0.0,0.0,0.0,2234.0,0.0,0.0,0.0,1352.0,0.0,0.0,0.0,0.0,0.0,0.0,0.0,11670.0,650.0,3622.0,479.0,1808.0,0.0,0.0,0.0,8557.0,14580.0,0.0
201501,0.0,0.0,434.0,0.0,0.0,0.0,0.0,0.0,0.0,0.0,0.0,938.0,4528.0,0.0,0.0,0.0,1804.0,522.0,0.0,0.0,426.0,0.0,0.0,617.0,0.0,0.0,0.0,0.0,597.0,665.0,938.0,0.0,2983.0,0.0,0.0,0.0,0.0,0.0,0.0,0.0,0.0,0.0,0.0,0.0,0.0,0.0,0.0,0.0,665.0,0.0,0.0,0.0,0.0,2775.0,3649.0,0.0,0.0,0.0,0.0,0.0,0.0,518.0,3301.0,0.0,942.0,0.0,502.0,507.0,0.0,0.0,0.0,0.0,423.0,0.0,0.0,0.0,0.0,1360.0,0.0,0.0,0.0,458.0,689.0,0.0,0.0,597.0,0.0,0.0,3396.0,0.0,2194.0,0.0,0.0,0.0,0.0,0.0,1203.0,0.0,0.0,0.0,689.0,0.0,0.0,0.0,3765.0,518.0,522.0,0.0,0.0,0.0,597.0,2532.0,0.0,0.0,0.0,0.0,461.0,2352.0,1081.0,0.0,0.0,458.0,0.0,0.0,0.0,0.0,0.0,0.0,0.0,1874.0,0.0,0.0,0.0,0.0,862.0,0.0,1347.0,1143.0,0.0,0.0,0.0,0.0,0.0,0.0,0.0,0.0,0.0,665.0,0.0,0.0,0.0,1369.0,0.0,0.0,0.0,0.0,0.0,0.0,0.0,0.0,0.0,0.0,0.0,1347.0,33508.0,0.0,0.0,0.0,0.0,836.0,1481.0,419.0,0.0,0.0,1459.0,1203.0,0.0,0.0,426.0,0.0,0.0,518.0,6322.0,630.0,426.0,0.0,431.0,0.0,0.0,0.0,5391.0,8335.0,0.0
201502,0.0,13981.0,0.0,0.0,800.0,0.0,800.0,0.0,0.0,0.0,0.0,13981.0,3898.0,0.0,0.0,800.0,2481.0,0.0,0.0,2014.0,0.0,0.0,0.0,0.0,0.0,0.0,0.0,0.0,1133.0,2014.0,15788.0,14901.0,0.0,0.0,0.0,0.0,618.0,0.0,3369.0,0.0,0.0,0.0,0.0,0.0,0.0,0.0,0.0,0.0,17046.0,0.0,0.0,0.0,0.0,16229.0,18403.0,0.0,0.0,0.0,0.0,0.0,0.0,0.0,7014.0,13981.0,15302.0,0.0,0.0,0.0,0.0,0.0,506.0,0.0,0.0,0.0,0.0,0.0,0.0,0.0,0.0,0.0,800.0,543.0,0.0,0.0,0.0,13981.0,541.0,1696.0,2866.0,0.0,1681.0,0.0,0.0,0.0,0.0,0.0,0.0,1033.0,0.0,0.0,0.0,0.0,0.0,493.0,3004.0,0.0,0.0,13981.0,0.0,996.0,611.0,2263.0,1423.0,0.0,527.0,0.0,729.0,2370.0,633.0,0.0,2014.0,0.0,0.0,0.0,0.0,0.0,0.0,0.0,0.0,2465.0,493.0,0.0,0.0,0.0,0.0,752.0,23542.0,1148.0,903.0,0.0,722.0,0.0,0.0,0.0,0.0,0.0,493.0,4316.0,0.0,0.0,0.0,18454.0,0.0,0.0,0.0,0.0,527.0,0.0,13981.0,0.0,0.0,3445.0,0.0,0.0,63469.0,0.0,0.0,0.0,0.0,0.0,0.0,0.0,548.0,0.0,13981.0,0.0,4396.0,929.0,0.0,0.0,0.0,0.0,28363.0,1681.0,1298.0,1331.0,996.0,0.0,0.0,0.0,2866.0,6318.0,0.0
201503,0.0,3283.0,615.0,0.0,0.0,0.0,0.0,3283.0,0.0,0.0,1705.0,6090.0,6945.0,0.0,759.0,3322.0,0.0,0.0,0.0,765.0,0.0,0.0,0.0,0.0,0.0,0.0,0.0,0.0,0.0,0.0,3900.0,0.0,2366.0,0.0,0.0,0.0,0.0,0.0,1744.0,0.0,0.0,0.0,0.0,0.0,0.0,0.0,0.0,0.0,1861.0,0.0,0.0,0.0,680.0,6194.0,9228.0,0.0,0.0,0.0,0.0,0.0,615.0,3453.0,2876.0,1102.0,0.0,0.0,0.0,765.0,765.0,0.0,0.0,0.0,0.0,0.0,0.0,0.0,0.0,0.0,0.0,0.0,0.0,0.0,1751.0,0.0,0.0,0.0,0.0,2480.0,3843.0,0.0,0.0,0.0,791.0,0.0,1483.0,0.0,0.0,0.0,0.0,0.0,0.0,0.0,0.0,0.0,6161.0,662.0,0.0,0.0,0.0,0.0,0.0,1946.0,0.0,0.0,0.0,0.0,0.0,0.0,688.0,0.0,0.0,0.0,712.0,0.0,0.0,0.0,1805.0,0.0,0.0,0.0,0.0,0.0,0.0,0.0,0.0,1744.0,3645.0,1916.0,2664.0,0.0,0.0,0.0,0.0,0.0,0.0,0.0,0.0,2052.0,0.0,0.0,0.0,4362.0,8493.0,0.0,0.0,0.0,0.0,0.0,0.0,0.0,0.0,1777.0,729.0,637.0,58300.0,0.0,0.0,0.0,0.0,0.0,712.0,3322.0,0.0,0.0,5142.0,0.0,4733.0,0.0,0.0,0.0,0.0,0.0,14630.0,0.0,637.0,0.0,0.0,0.0,0.0,0.0,3271.0,11279.0,0.0
201504,0.0,0.0,1038.0,0.0,0.0,0.0,0.0,0.0,0.0,0.0,0.0,2173.0,1996.0,0.0,817.0,721.0,817.0,0.0,0.0,1153.0,0.0,0.0,0.0,0.0,0.0,0.0,0.0,0.0,0.0,1153.0,1187.0,0.0,0.0,0.0,0.0,0.0,0.0,0.0,0.0,1105.0,0.0,0.0,0.0,0.0,0.0,0.0,0.0,0.0,0.0,0.0,0.0,0.0,0.0,3905.0,1024.0,0.0,0.0,0.0,0.0,0.0,0.0,584.0,5155.0,5155.0,0.0,0.0,0.0,1453.0,1453.0,0.0,947.0,0.0,0.0,0.0,0.0,0.0,1381.0,938.0,0.0,606.0,0.0,0.0,1038.0,0.0,935.0,5755.0,0.0,935.0,5155.0,0.0,2075.0,0.0,0.0,0.0,0.0,0.0,0.0,0.0,0.0,0.0,0.0,2272.0,0.0,1526.0,10242.0,690.0,0.0,5155.0,0.0,0.0,0.0,2037.0,1426.0,0.0,0.0,1426.0,2058.0,0.0,1083.0,0.0,0.0,0.0,0.0,0.0,0.0,0.0,1140.0,0.0,0.0,2920.0,0.0,0.0,0.0,0.0,0.0,2062.0,10655.0,1369.0,0.0,0.0,0.0,0.0,0.0,0.0,5155.0,0.0,0.0,0.0,0.0,0.0,0.0,656.0,1720.0,0.0,0.0,0.0,0.0,0.0,0.0,0.0,0.0,0.0,1426.0,817.0,53055.0,0.0,0.0,0.0,0.0,0.0,713.0,600.0,0.0,0.0,1187.0,0.0,5150.0,1153.0,0.0,1380.0,0.0,0.0,16103.0,0.0,2247.0,1615.0,0.0,0.0,0.0,0.0,3943.0,7503.0,0.0
201505,0.0,0.0,1206.0,0.0,0.0,0.0,0.0,0.0,0.0,0.0,0.0,0.0,5658.0,0.0,0.0,0.0,2461.0,0.0,0.0,0.0,0.0,0.0,0.0,3427.0,0.0,0.0,0.0,0.0,1337.0,0.0,629.0,0.0,4262.0,0.0,1071.0,0.0,0.0,1033.0,914.0,0.0,0.0,1061.0,0.0,0.0,0.0,0.0,0.0,0.0,0.0,0.0,0.0,0.0,0.0,20092.0,5734.0,0.0,0.0,0.0,2687.0,0.0,0.0,2584.0,3367.0,0.0,0.0,0.0,0.0,661.0,0.0,0.0,847.0,0.0,686.0,0.0,0.0,0.0,3294.0,0.0,0.0,0.0,0.0,0.0,2679.0,0.0,3427.0,0.0,2687.0,1975.0,1922.0,0.0,3427.0,0.0,0.0,0.0,0.0,0.0,0.0,0.0,0.0,0.0,0.0,0.0,0.0,0.0,8895.0,2791.0,0.0,830.0,0.0,0.0,0.0,756.0,0.0,0.0,0.0,0.0,661.0,686.0,0.0,0.0,0.0,0.0,0.0,0.0,0.0,0.0,3295.0,0.0,0.0,12281.0,2608.0,0.0,0.0,0.0,0.0,963.0,10652.0,4163.0,2942.0,0.0,0.0,0.0,830.0,0.0,0.0,0.0,2608.0,1219.0,0.0,0.0,0.0,0.0,4148.0,0.0,1337.0,0.0,0.0,0.0,1530.0,0.0,0.0,3574.0,0.0,1470.0,65845.0,0.0,0.0,0.0,0.0,1071.0,0.0,0.0,0.0,0.0,5569.0,0.0,2982.0,863.0,0.0,0.0,0.0,0.0,30020.0,0.0,0.0,1530.0,2095.0,0.0,0.0,0.0,3506.0,13642.0,0.0
201506,0.0,0.0,1402.0,0.0,0.0,0.0,0.0,0.0,0.0,0.0,0.0,0.0,2580.0,0.0,969.0,991.0,991.0,0.0,1115.0,971.0,0.0,0.0,0.0,0.0,860.0,0.0,0.0,0.0,0.0,971.0,4381.0,0.0,2031.0,0.0,659.0,0.0,0.0,805.0,0.0,0.0,0.0,998.0,1115.0,0.0,1115.0,0.0,0.0,0.0,0.0,0.0,0.0,860.0,1115.0,6400.0,4866.0,0.0,0.0,0.0,0.0,0.0,0.0,2254.0,0.0,1075.0,0.0,0.0,0.0,0.0,0.0,0.0,0.0,1115.0,663.0,0.0,0.0,0.0,0.0,1525.0,0.0,0.0,935.0,2027.0,0.0,0.0,0.0,1075.0,1583.0,2796.0,1292.0,1115.0,998.0,1115.0,0.0,0.0,0.0,0.0,1514.0,0.0,0.0,0.0,1158.0,0.0,0.0,1357.0,4683.0,1665.0,0.0,4381.0,0.0,0.0,1060.0,847.0,0.0,0.0,2734.0,0.0,0.0,4141.0,0.0,0.0,0.0,0.0,0.0,1037.0,0.0,0.0,0.0,0.0,0.0,3495.0,741.0,0.0,0.0,0.0,0.0,1333.0,3453.0,850.0,4381.0,935.0,971.0,0.0,822.0,0.0,0.0,1115.0,741.0,1645.0,0.0,0.0,0.0,0.0,2794.0,0.0,0.0,0.0,657.0,0.0,0.0,0.0,0.0,3590.0,0.0,1135.0,53660.0,0.0,1357.0,0.0,0.0,2242.0,2849.0,0.0,2347.0,0.0,0.0,663.0,2546.0,1060.0,0.0,0.0,0.0,708.0,17331.0,0.0,2394.0,0.0,926.0,1037.0,0.0,0.0,2581.0,7412.0,0.0
201507,0.0,0.0,0.0,0.0,0.0,0.0,0.0,989.0,731.0,0.0,0.0,10558.0,3311.0,0.0,0.0,662.0,662.0,0.0,1273.0,1091.0,0.0,0.0,0.0,0.0,0.0,0.0,0.0,0.0,0.0,1091.0,728.0,0.0,638.0,0.0,0.0,0.0,0.0,786.0,1547.0,0.0,0.0,0.0,0.0,0.0,1273.0,3922.0,0.0,0.0,0.0,0.0,0.0,0.0,1273.0,6359.0,6263.0,0.0,0.0,0.0,0.0,834.0,2093.0,1625.0,1685.0,5328.0,4466.0,1114.0,0.0,0.0,0.0,0.0,1457.0,0.0,0.0,0.0,0.0,0.0,638.0,867.0,0.0,0.0,0.0,0.0,0.0,0.0,0.0,1585.0,0.0,793.0,1761.0,1273.0,0.0,1273.0,1579.0,0.0,0.0,0.0,6346.0,0.0,0.0,0.0,0.0,0.0,0.0,0.0,7443.0,0.0,0.0,6754.0,0.0,0.0,0.0,1183.0,662.0,0.0,640.0,0.0,1638.0,1091.0,0.0,0.0,0.0,0.0,0.0,0.0,0.0,0.0,0.0,0.0,0.0,4390.0,0.0,0.0,0.0,0.0,0.0,1539.0,1491.0,0.0,862.0,0.0,0.0,0.0,2307.0,0.0,862.0,1273.0,1507.0,0.0,0.0,0.0,0.0,5152.0,3577.0,0.0,0.0,0.0,640.0,0.0,2583.0,0.0,0.0,1273.0,0.0,0.0,54242.0,1091.0,0.0,0.0,0.0,0.0,1822.0,723.0,746.0,0.0,0.0,2538.0,1892.0,0.0,0.0,958.0,0.0,0.0,30529.0,0.0,1372.0,1538.0,1372.0,0.0,0.0,0.0,5104.0,8881.0,0.0
201508,0.0,0.0,0.0,0.0,0.0,0.0,0.0,0.0,0.0,0.0,0.0,3367.0,7073.0,0.0,0.0,0.0,3466.0,0.0,0.0,0.0,0.0,0.0,0.0,0.0,0.0,0.0,0.0,0.0,0.0,2664.0,1703.0,0.0,0.0,0.0,0.0,0.0,0.0,0.0,0.0,0.0,0.0,0.0,0.0,0.0,0.0,0.0,0.0,0.0,0.0,0.0,0.0,0.0,0.0,11825.0,5079.0,0.0,0.0,0.0,0.0,0.0,0.0,2483.0,724.0,2591.0,0.0,0.0,0.0,1997.0,1997.0,0.0,1675.0,0.0,667.0,0.0,0.0,0.0,0.0,706.0,0.0,0.0,0.0,0.0,943.0,0.0,0.0,2844.0,2937.0,805.0,1048.0,0.0,5694.0,0.0,0.0,0.0,1708.0,0.0,0.0,0.0,0.0,0.0,0.0,1150.0,0.0,0.0,1953.0,0.0,0.0,5494.0,0.0,0.0,0.0,3670.0,0.0,0.0,0.0,0.0,0.0,2583.0,0.0,0.0,0.0,865.0,0.0,0.0,0.0,0.0,0.0,0.0,0.0,2476.0,0.0,0.0,0.0,0.0,0.0,1786.0,1997.0,2775.0,0.0,0.0,732.0,3367.0,0.0,0.0,1414.0,0.0,0.0,832.0,0.0,761.0,0.0,4215.0,1374.0,0.0,0.0,0.0,0.0,0.0,0.0,2220.0,0.0,0.0,0.0,911.0,51567.0,0.0,0.0,0.0,0.0,666.0,2583.0,0.0,0.0,0.0,4145.0,1786.0,1711.0,2664.0,0.0,0.0,0.0,0.0,38820.0,0.0,0.0,668.0,0.0,0.0,0.0,0.0,6113.0,11316.0,0.0
201509,0.0,1705.0,1188.0,0.0,2006.0,869.0,2006.0,0.0,0.0,0.0,0.0,3622.0,10272.0,0.0,1127.0,1127.0,0.0,0.0,0.0,2477.0,2006.0,0.0,0.0,0.0,0.0,0.0,0.0,0.0,0.0,1771.0,0.0,1010.0,1827.0,0.0,3144.0,0.0,0.0,0.0,1708.0,0.0,0.0,0.0,0.0,0.0,0.0,0.0,0.0,934.0,0.0,0.0,0.0,0.0,0.0,10484.0,8153.0,0.0,0.0,0.0,0.0,767.0,0.0,5515.0,846.0,0.0,0.0,0.0,0.0,849.0,0.0,2006.0,732.0,0.0,0.0,1870.0,0.0,0.0,2545.0,0.0,0.0,0.0,2006.0,0.0,2151.0,0.0,2489.0,2231.0,1127.0,0.0,981.0,0.0,1376.0,0.0,0.0,0.0,0.0,644.0,650.0,0.0,0.0,0.0,0.0,0.0,0.0,0.0,2739.0,0.0,0.0,2151.0,0.0,0.0,1796.0,1148.0,0.0,0.0,1210.0,0.0,849.0,1049.0,2500.0,0.0,981.0,0.0,0.0,0.0,0.0,0.0,2604.0,0.0,767.0,1919.0,858.0,0.0,2006.0,0.0,0.0,2056.0,8153.0,5594.0,0.0,0.0,829.0,1705.0,0.0,849.0,1639.0,0.0,3358.0,1448.0,0.0,0.0,0.0,2887.0,1496.0,0.0,0.0,0.0,0.0,1188.0,0.0,0.0,0.0,670.0,0.0,6344.0,49720.0,0.0,0.0,0.0,0.0,3144.0,1893.0,735.0,0.0,655.0,0.0,0.0,1003.0,981.0,0.0,0.0,0.0,0.0,27129.0,0.0,824.0,0.0,1012.0,0.0,0.0,0.0,11899.0,17851.0,0.0
201510,0.0,0.0,1767.0,0.0,0.0,0.0,0.0,0.0,0.0,0.0,0.0,774.0,11040.0,0.0,0.0,0.0,783.0,0.0,0.0,783.0,0.0,687.0,0.0,0.0,0.0,0.0,0.0,0.0,0.0,0.0,1561.0,0.0,0.0,0.0,814.0,0.0,0.0,0.0,2603.0,0.0,0.0,0.0,0.0,0.0,0.0,0.0,0.0,0.0,0.0,0.0,0.0,1801.0,0.0,14815.0,9026.0,0.0,0.0,0.0,0.0,1337.0,1079.0,2912.0,2333.0,0.0,0.0,1169.0,1299.0,2063.0,0.0,0.0,771.0,0.0,0.0,0.0,0.0,0.0,0.0,0.0,0.0,747.0,0.0,0.0,747.0,0.0,0.0,858.0,680.0,783.0,2596.0,0.0,815.0,0.0,0.0,0.0,0.0,0.0,0.0,0.0,0.0,0.0,0.0,0.0,0.0,1711.0,6754.0,0.0,0.0,758.0,843.0,4492.0,1499.0,1331.0,0.0,722.0,0.0,0.0,1299.0,0.0,1337.0,0.0,0.0,1738.0,0.0,0.0,0.0,0.0,0.0,0.0,0.0,2030.0,0.0,0.0,0.0,0.0,0.0,0.0,6004.0,3036.0,758.0,0.0,0.0,0.0,3446.0,0.0,0.0,0.0,3328.0,1152.0,0.0,0.0,0.0,1856.0,5992.0,0.0,0.0,0.0,0.0,0.0,0.0,0.0,0.0,971.0,0.0,0.0,57820.0,0.0,0.0,0.0,0.0,2600.0,0.0,3147.0,0.0,0.0,0.0,0.0,4118.0,0.0,0.0,0.0,0.0,0.0,39018.0,0.0,2659.0,0.0,5773.0,0.0,731.0,0.0,4321.0,16954.0,0.0
201511,0.0,1850.0,725.0,0.0,0.0,0.0,0.0,0.0,1115.0,0.0,838.0,3356.0,4569.0,0.0,0.0,0.0,1518.0,0.0,0.0,5921.0,0.0,0.0,0.0,1284.0,0.0,0.0,0.0,0.0,0.0,2663.0,2621.0,0.0,0.0,0.0,1055.0,0.0,0.0,0.0,749.0,0.0,0.0,0.0,0.0,0.0,0.0,0.0,722.0,0.0,0.0,0.0,0.0,0.0,0.0,7166.0,8362.0,0.0,0.0,0.0,838.0,0.0,0.0,0.0,1800.0,0.0,1099.0,0.0,1266.0,0.0,0.0,0.0,966.0,0.0,0.0,0.0,0.0,0.0,784.0,0.0,0.0,1964.0,0.0,0.0,0.0,0.0,0.0,0.0,0.0,4091.0,1117.0,0.0,3049.0,0.0,0.0,0.0,850.0,0.0,824.0,0.0,0.0,0.0,0.0,1714.0,0.0,0.0,7104.0,2066.0,0.0,1564.0,0.0,0.0,0.0,0.0,0.0,675.0,3258.0,0.0,2269.0,675.0,790.0,0.0,0.0,0.0,0.0,0.0,0.0,0.0,1988.0,0.0,0.0,1700.0,0.0,0.0,0.0,0.0,0.0,2311.0,9728.0,1647.0,0.0,0.0,1440.0,1850.0,1795.0,749.0,966.0,0.0,878.0,0.0,0.0,0.0,0.0,3790.0,855.0,0.0,0.0,0.0,0.0,1795.0,0.0,0.0,0.0,0.0,0.0,2132.0,52083.0,0.0,0.0,0.0,0.0,1055.0,2624.0,698.0,0.0,1055.0,4219.0,0.0,1129.0,0.0,0.0,0.0,0.0,0.0,30047.0,0.0,2306.0,1482.0,1909.0,0.0,0.0,0.0,3171.0,10842.0,0.0
201512,0.0,690.0,1663.0,0.0,0.0,0.0,0.0,0.0,0.0,0.0,0.0,1048.0,4930.0,0.0,0.0,0.0,0.0,0.0,0.0,3803.0,0.0,0.0,0.0,0.0,0.0,774.0,626.0,0.0,0.0,633.0,1037.0,0.0,0.0,0.0,0.0,0.0,0.0,0.0,1699.0,0.0,0.0,0.0,0.0,0.0,0.0,0.0,0.0,643.0,709.0,0.0,0.0,0.0,0.0,8122.0,6393.0,0.0,596.0,0.0,0.0,0.0,0.0,0.0,7250.0,720.0,720.0,0.0,0.0,0.0,0.0,0.0,0.0,0.0,0.0,0.0,0.0,0.0,0.0,589.0,0.0,0.0,0.0,1125.0,0.0,0.0,0.0,0.0,0.0,626.0,624.0,0.0,2341.0,0.0,915.0,0.0,1408.0,0.0,0.0,0.0,0.0,0.0,0.0,0.0,0.0,1749.0,3327.0,0.0,0.0,1048.0,0.0,0.0,0.0,3728.0,2280.0,0.0,3902.0,1691.0,2434.0,0.0,0.0,0.0,0.0,0.0,0.0,0.0,0.0,0.0,0.0,0.0,0.0,2360.0,0.0,0.0,0.0,596.0,0.0,1359.0,5104.0,736.0,0.0,0.0,0.0,1586.0,0.0,0.0,0.0,0.0,0.0,1285.0,0.0,0.0,0.0,1048.0,1344.0,0.0,0.0,0.0,872.0,0.0,1586.0,0.0,589.0,0.0,0.0,0.0,50837.0,0.0,0.0,0.0,0.0,774.0,0.0,0.0,0.0,0.0,1427.0,633.0,4172.0,0.0,0.0,0.0,0.0,0.0,27454.0,0.0,2525.0,1586.0,2108.0,0.0,776.0,0.0,2128.0,12200.0,0.0
201601,0.0,1435.0,2879.0,0.0,0.0,0.0,0.0,798.0,0.0,0.0,0.0,9340.0,6399.0,0.0,0.0,0.0,801.0,949.0,0.0,2605.0,0.0,0.0,0.0,0.0,0.0,0.0,663.0,0.0,0.0,4167.0,0.0,3002.0,723.0,0.0,1134.0,0.0,0.0,0.0,2215.0,949.0,0.0,0.0,0.0,0.0,0.0,0.0,0.0,0.0,2487.0,0.0,0.0,0.0,0.0,9006.0,8951.0,0.0,0.0,0.0,0.0,0.0,0.0,3284.0,4540.0,1373.0,1064.0,0.0,0.0,0.0,0.0,0.0,0.0,0.0,2130.0,1337.0,0.0,0.0,0.0,0.0,0.0,648.0,0.0,0.0,0.0,0.0,0.0,0.0,1765.0,663.0,0.0,0.0,1765.0,0.0,0.0,0.0,0.0,0.0,785.0,0.0,0.0,0.0,0.0,0.0,0.0,1684.0,2450.0,0.0,0.0,1562.0,0.0,0.0,1373.0,5012.0,649.0,0.0,806.0,649.0,0.0,730.0,0.0,0.0,0.0,0.0,0.0,0.0,0.0,0.0,3222.0,0.0,0.0,3915.0,0.0,0.0,0.0,0.0,792.0,3002.0,9602.0,1435.0,1773.0,0.0,0.0,1435.0,3002.0,1337.0,0.0,0.0,0.0,3965.0,0.0,0.0,0.0,4437.0,4666.0,806.0,0.0,0.0,0.0,0.0,3002.0,2295.0,0.0,0.0,649.0,1524.0,55267.0,0.0,0.0,0.0,0.0,1134.0,730.0,0.0,655.0,0.0,5206.0,0.0,1826.0,0.0,777.0,0.0,777.0,0.0,33009.0,0.0,1684.0,0.0,1673.0,0.0,0.0,0.0,5938.0,16313.0,0.0
201602,0.0,0.0,737.0,0.0,0.0,0.0,0.0,0.0,0.0,0.0,0.0,0.0,6389.0,0.0,0.0,0.0,3618.0,1767.0,0.0,0.0,0.0,0.0,0.0,951.0,0.0,0.0,2201.0,0.0,0.0,1562.0,0.0,953.0,0.0,0.0,911.0,0.0,0.0,0.0,1767.0,717.0,0.0,0.0,0.0,0.0,0.0,0.0,0.0,0.0,953.0,0.0,0.0,0.0,0.0,12257.0,14624.0,0.0,0.0,838.0,0.0,0.0,0.0,749.0,6521.0,3502.0,1335.0,0.0,0.0,0.0,0.0,0.0,0.0,0.0,0.0,0.0,0.0,0.0,3937.0,0.0,0.0,0.0,0.0,0.0,0.0,0.0,0.0,2167.0,0.0,2201.0,0.0,0.0,2090.0,0.0,0.0,0.0,0.0,2278.0,1959.0,0.0,0.0,0.0,0.0,0.0,0.0,0.0,4644.0,0.0,1367.0,3695.0,0.0,0.0,0.0,2656.0,0.0,0.0,2247.0,0.0,1562.0,4645.0,819.0,0.0,840.0,1335.0,0.0,0.0,0.0,838.0,4494.0,0.0,0.0,4008.0,1292.0,0.0,0.0,0.0,0.0,2715.0,6736.0,2552.0,0.0,0.0,1327.0,0.0,1135.0,1767.0,0.0,0.0,3118.0,1472.0,0.0,0.0,0.0,1528.0,2760.0,0.0,0.0,0.0,0.0,0.0,0.0,1732.0,0.0,0.0,0.0,0.0,66186.0,0.0,0.0,1484.0,0.0,1367.0,3752.0,953.0,921.0,0.0,7892.0,1135.0,937.0,0.0,0.0,0.0,0.0,0.0,44808.0,893.0,1292.0,0.0,1841.0,0.0,0.0,0.0,6724.0,17736.0,0.0
201603,0.0,0.0,3636.0,0.0,0.0,0.0,0.0,0.0,0.0,0.0,898.0,788.0,6971.0,0.0,0.0,0.0,849.0,0.0,0.0,6970.0,0.0,0.0,0.0,1744.0,0.0,0.0,0.0,0.0,1183.0,2783.0,5705.0,0.0,884.0,0.0,0.0,849.0,0.0,0.0,5102.0,0.0,0.0,0.0,0.0,0.0,0.0,0.0,0.0,776.0,1773.0,0.0,0.0,0.0,1183.0,13390.0,7577.0,849.0,0.0,0.0,812.0,0.0,0.0,1011.0,1337.0,2387.0,2387.0,0.0,754.0,2726.0,0.0,0.0,1143.0,0.0,4019.0,0.0,0.0,0.0,0.0,0.0,0.0,0.0,0.0,1926.0,0.0,0.0,0.0,0.0,0.0,1024.0,0.0,0.0,1744.0,0.0,924.0,0.0,0.0,849.0,1150.0,0.0,0.0,0.0,0.0,0.0,0.0,0.0,12171.0,2536.0,0.0,6241.0,0.0,0.0,0.0,7317.0,0.0,0.0,714.0,0.0,3027.0,0.0,0.0,0.0,0.0,0.0,0.0,0.0,0.0,754.0,4019.0,849.0,0.0,868.0,0.0,0.0,0.0,0.0,2743.0,851.0,11205.0,0.0,0.0,0.0,821.0,0.0,0.0,0.0,0.0,0.0,1165.0,6214.0,867.0,1143.0,0.0,788.0,0.0,714.0,0.0,0.0,0.0,1014.0,0.0,0.0,0.0,0.0,0.0,3448.0,58698.0,3899.0,0.0,0.0,0.0,754.0,1514.0,0.0,0.0,0.0,0.0,1150.0,0.0,0.0,0.0,0.0,0.0,0.0,24707.0,0.0,0.0,0.0,2766.0,0.0,0.0,0.0,2556.0,11819.0,0.0
201604,0.0,0.0,5984.0,0.0,0.0,0.0,0.0,0.0,742.0,0.0,0.0,1452.0,4586.0,713.0,908.0,0.0,0.0,954.0,0.0,2987.0,954.0,0.0,0.0,0.0,954.0,0.0,0.0,0.0,0.0,6636.0,1269.0,0.0,732.0,0.0,3931.0,0.0,0.0,0.0,804.0,0.0,0.0,0.0,0.0,0.0,0.0,0.0,0.0,0.0,876.0,0.0,0.0,1269.0,0.0,13859.0,12855.0,0.0,0.0,0.0,0.0,2262.0,1269.0,1533.0,7805.0,0.0,0.0,804.0,0.0,7815.0,715.0,0.0,954.0,0.0,0.0,0.0,0.0,0.0,0.0,913.0,0.0,788.0,0.0,0.0,0.0,0.0,3931.0,0.0,1098.0,1976.0,1535.0,0.0,785.0,0.0,0.0,0.0,0.0,1883.0,2746.0,0.0,0.0,0.0,0.0,0.0,820.0,2966.0,11051.0,1777.0,0.0,1869.0,0.0,711.0,732.0,13598.0,0.0,0.0,908.0,0.0,831.0,1477.0,0.0,0.0,1191.0,1777.0,0.0,0.0,0.0,0.0,0.0,0.0,0.0,954.0,0.0,0.0,0.0,2289.0,0.0,1777.0,3618.0,1770.0,0.0,0.0,4012.0,0.0,0.0,0.0,0.0,0.0,718.0,3042.0,0.0,0.0,0.0,1499.0,4700.0,0.0,0.0,0.0,0.0,0.0,0.0,0.0,0.0,0.0,0.0,1098.0,66291.0,2166.0,800.0,0.0,0.0,3931.0,1480.0,0.0,0.0,0.0,984.0,0.0,0.0,0.0,0.0,0.0,0.0,0.0,27457.0,0.0,3897.0,0.0,7181.0,0.0,0.0,0.0,954.0,10355.0,1600.0
201605,0.0,0.0,1702.0,0.0,0.0,0.0,0.0,0.0,0.0,0.0,0.0,4721.0,10506.0,1279.0,0.0,0.0,0.0,938.0,0.0,3774.0,0.0,0.0,0.0,0.0,0.0,0.0,824.0,0.0,0.0,2473.0,2471.0,2254.0,0.0,0.0,2756.0,0.0,0.0,0.0,2936.0,0.0,0.0,0.0,0.0,0.0,0.0,0.0,0.0,3656.0,2254.0,0.0,0.0,0.0,0.0,13285.0,10487.0,0.0,0.0,0.0,0.0,0.0,1923.0,1058.0,2787.0,0.0,0.0,0.0,883.0,3556.0,2473.0,0.0,0.0,0.0,2838.0,0.0,0.0,0.0,0.0,0.0,0.0,4463.0,0.0,0.0,9904.0,2096.0,0.0,1061.0,3779.0,1847.0,0.0,0.0,3344.0,0.0,0.0,0.0,0.0,1248.0,0.0,0.0,0.0,0.0,0.0,0.0,0.0,1279.0,7893.0,1934.0,0.0,2486.0,0.0,0.0,2839.0,3057.0,0.0,0.0,0.0,0.0,0.0,1193.0,0.0,0.0,0.0,3142.0,0.0,0.0,0.0,883.0,1751.0,0.0,0.0,4127.0,0.0,0.0,0.0,0.0,1279.0,1745.0,12268.0,0.0,0.0,0.0,0.0,2037.0,1976.0,0.0,0.0,0.0,788.0,878.0,0.0,0.0,0.0,3396.0,5803.0,0.0,0.0,1023.0,0.0,0.0,0.0,0.0,0.0,1051.0,0.0,0.0,63556.0,0.0,0.0,0.0,1671.0,921.0,0.0,0.0,0.0,0.0,3427.0,0.0,1078.0,0.0,2756.0,0.0,3779.0,0.0,20059.0,0.0,2257.0,0.0,1193.0,0.0,0.0,0.0,1671.0,18414.0,0.0
201606,0.0,0.0,7172.0,0.0,0.0,0.0,0.0,0.0,0.0,0.0,0.0,3007.0,1428.0,0.0,0.0,0.0,0.0,1254.0,0.0,893.0,816.0,0.0,0.0,0.0,0.0,0.0,0.0,0.0,0.0,3659.0,0.0,0.0,0.0,0.0,0.0,0.0,0.0,0.0,1877.0,0.0,0.0,0.0,0.0,0.0,0.0,771.0,0.0,0.0,0.0,0.0,0.0,1101.0,0.0,14189.0,18527.0,0.0,0.0,0.0,0.0,1283.0,0.0,3145.0,0.0,0.0,816.0,0.0,0.0,1626.0,0.0,0.0,0.0,0.0,1658.0,0.0,0.0,0.0,845.0,0.0,0.0,0.0,0.0,0.0,2317.0,0.0,0.0,3393.0,771.0,721.0,1650.0,0.0,1085.0,0.0,0.0,0.0,952.0,1085.0,0.0,0.0,0.0,0.0,0.0,0.0,0.0,0.0,5917.0,1907.0,991.0,4049.0,0.0,0.0,0.0,963.0,0.0,0.0,0.0,0.0,0.0,1617.0,0.0,0.0,1101.0,947.0,0.0,0.0,0.0,0.0,845.0,0.0,771.0,1622.0,0.0,0.0,0.0,0.0,0.0,0.0,16682.0,963.0,774.0,0.0,0.0,0.0,4270.0,0.0,0.0,0.0,1694.0,3110.0,0.0,0.0,0.0,1669.0,1438.0,0.0,947.0,0.0,0.0,0.0,0.0,0.0,0.0,0.0,0.0,2415.0,58106.0,0.0,0.0,0.0,0.0,0.0,0.0,1539.0,6278.0,981.0,5000.0,0.0,0.0,0.0,816.0,0.0,0.0,0.0,22715.0,1085.0,0.0,986.0,2271.0,0.0,0.0,0.0,3450.0,7042.0,0.0
201607,0.0,0.0,4471.0,0.0,0.0,0.0,0.0,0.0,0.0,0.0,0.0,3982.0,10481.0,0.0,0.0,0.0,0.0,5186.0,0.0,6062.0,0.0,0.0,0.0,0.0,0.0,0.0,0.0,0.0,0.0,1795.0,0.0,0.0,1021.0,0.0,0.0,0.0,0.0,0.0,3327.0,0.0,0.0,0.0,0.0,0.0,0.0,979.0,0.0,0.0,2431.0,0.0,0.0,929.0,0.0,11260.0,8225.0,0.0,0.0,0.0,0.0,0.0,0.0,1628.0,1254.0,1254.0,2172.0,673.0,0.0,0.0,785.0,0.0,0.0,0.0,0.0,0.0,0.0,0.0,0.0,0.0,0.0,0.0,0.0,0.0,2755.0,0.0,0.0,0.0,4026.0,1939.0,666.0,0.0,920.0,0.0,0.0,0.0,0.0,920.0,979.0,0.0,0.0,0.0,1628.0,0.0,0.0,0.0,5484.0,967.0,0.0,7452.0,0.0,0.0,2416.0,4054.0,0.0,0.0,0.0,0.0,2709.0,2179.0,1598.0,0.0,2447.0,891.0,0.0,0.0,0.0,0.0,805.0,0.0,0.0,7628.0,0.0,0.0,0.0,0.0,0.0,0.0,13040.0,0.0,0.0,0.0,0.0,0.0,948.0,0.0,0.0,0.0,0.0,0.0,838.0,0.0,0.0,1731.0,0.0,0.0,0.0,0.0,0.0,0.0,0.0,0.0,0.0,1016.0,0.0,0.0,56422.0,0.0,0.0,677.0,0.0,803.0,767.0,1343.0,0.0,803.0,5611.0,979.0,2736.0,0.0,0.0,0.0,0.0,0.0,23106.0,0.0,1321.0,0.0,1388.0,0.0,0.0,0.0,2576.0,14898.0,0.0
201608,0.0,796.0,1958.0,0.0,0.0,0.0,0.0,0.0,0.0,0.0,0.0,780.0,8240.0,0.0,0.0,0.0,0.0,0.0,0.0,3372.0,0.0,0.0,0.0,0.0,0.0,0.0,0.0,0.0,0.0,992.0,808.0,0.0,1753.0,0.0,783.0,0.0,0.0,0.0,0.0,0.0,0.0,0.0,0.0,0.0,0.0,0.0,0.0,0.0,1009.0,0.0,0.0,0.0,1172.0,14505.0,14978.0,0.0,0.0,796.0,0.0,0.0,949.0,2574.0,4360.0,3065.0,3000.0,0.0,0.0,0.0,1009.0,0.0,808.0,0.0,0.0,0.0,0.0,0.0,828.0,0.0,0.0,0.0,0.0,0.0,2113.0,0.0,0.0,4255.0,1923.0,2710.0,0.0,0.0,796.0,0.0,0.0,0.0,1843.0,0.0,0.0,0.0,0.0,0.0,0.0,0.0,0.0,930.0,7812.0,0.0,0.0,7335.0,0.0,0.0,0.0,2919.0,0.0,0.0,2199.0,1023.0,0.0,0.0,4024.0,0.0,0.0,0.0,0.0,0.0,889.0,0.0,0.0,0.0,0.0,1843.0,1731.0,0.0,0.0,0.0,0.0,825.0,23516.0,0.0,0.0,0.0,0.0,0.0,4024.0,0.0,828.0,0.0,1731.0,0.0,1843.0,0.0,0.0,930.0,2798.0,806.0,0.0,0.0,2199.0,0.0,0.0,855.0,0.0,1172.0,1023.0,4024.0,61260.0,0.0,0.0,944.0,0.0,783.0,2203.0,0.0,1023.0,0.0,11931.0,0.0,1545.0,0.0,0.0,0.0,0.0,0.0,27546.0,0.0,930.0,0.0,4024.0,0.0,1545.0,0.0,917.0,13297.0,0.0
201609,0.0,1485.0,0.0,0.0,1950.0,0.0,0.0,0.0,0.0,0.0,0.0,2862.0,13891.0,0.0,2363.0,0.0,0.0,0.0,0.0,3747.0,0.0,0.0,0.0,0.0,0.0,0.0,0.0,0.0,0.0,8139.0,0.0,0.0,0.0,0.0,1747.0,0.0,0.0,0.0,7299.0,0.0,0.0,0.0,0.0,0.0,0.0,1290.0,0.0,0.0,1388.0,0.0,0.0,0.0,0.0,14062.0,12504.0,0.0,0.0,0.0,2097.0,0.0,0.0,5584.0,1010.0,0.0,1010.0,0.0,0.0,0.0,1087.0,0.0,0.0,0.0,1969.0,1054.0,0.0,0.0,0.0,0.0,0.0,0.0,966.0,1864.0,7010.0,0.0,1702.0,4347.0,8972.0,1702.0,1017.0,0.0,1702.0,0.0,1224.0,0.0,0.0,1702.0,0.0,0.0,1290.0,0.0,0.0,0.0,0.0,0.0,11734.0,996.0,0.0,13051.0,0.0,0.0,0.0,9200.0,0.0,0.0,1329.0,0.0,1010.0,1090.0,0.0,0.0,1090.0,0.0,0.0,0.0,0.0,0.0,0.0,0.0,0.0,7022.0,0.0,0.0,0.0,0.0,2566.0,0.0,32365.0,1540.0,0.0,0.0,0.0,0.0,1388.0,1054.0,0.0,0.0,1352.0,7828.0,2633.0,0.0,0.0,0.0,0.0,0.0,0.0,0.0,1329.0,1860.0,0.0,0.0,0.0,1423.0,0.0,2075.0,80377.0,0.0,0.0,0.0,0.0,1747.0,4400.0,0.0,0.0,1747.0,7764.0,7261.0,1988.0,0.0,0.0,0.0,3601.0,0.0,27522.0,0.0,6276.0,0.0,1224.0,0.0,0.0,908.0,0.0,22603.0,0.0
201610,0.0,0.0,911.0,0.0,0.0,0.0,0.0,0.0,0.0,0.0,0.0,1524.0,10052.0,0.0,2486.0,0.0,0.0,1372.0,0.0,10062.0,0.0,0.0,0.0,1036.0,0.0,0.0,0.0,1331.0,0.0,4182.0,0.0,0.0,0.0,1331.0,0.0,0.0,0.0,0.0,4227.0,0.0,0.0,0.0,0.0,0.0,0.0,1218.0,0.0,0.0,0.0,0.0,0.0,0.0,0.0,6692.0,9817.0,0.0,0.0,0.0,0.0,994.0,2060.0,1895.0,2473.0,0.0,0.0,0.0,0.0,5882.0,0.0,0.0,0.0,0.0,1394.0,0.0,0.0,0.0,0.0,1331.0,1331.0,0.0,1331.0,0.0,4665.0,0.0,0.0,4811.0,15502.0,0.0,0.0,0.0,0.0,0.0,0.0,0.0,0.0,0.0,1218.0,0.0,0.0,0.0,2233.0,1218.0,0.0,0.0,10495.0,874.0,0.0,3759.0,0.0,1479.0,0.0,7153.0,0.0,994.0,1092.0,0.0,0.0,0.0,0.0,0.0,0.0,874.0,0.0,0.0,0.0,1331.0,2432.0,0.0,0.0,3809.0,0.0,0.0,0.0,0.0,0.0,872.0,22456.0,1603.0,0.0,0.0,0.0,1524.0,2742.0,0.0,977.0,0.0,2282.0,2626.0,0.0,0.0,0.0,0.0,979.0,0.0,0.0,0.0,0.0,0.0,0.0,0.0,0.0,0.0,0.0,1038.0,73183.0,1496.0,0.0,920.0,0.0,0.0,0.0,0.0,0.0,0.0,0.0,1218.0,0.0,1038.0,1021.0,961.0,945.0,0.0,24447.0,0.0,4665.0,0.0,1524.0,0.0,0.0,0.0,2053.0,20171.0,0.0
201611,0.0,0.0,3516.0,0.0,0.0,0.0,0.0,0.0,925.0,0.0,0.0,2857.0,12024.0,0.0,0.0,0.0,1500.0,0.0,0.0,14454.0,0.0,0.0,0.0,0.0,0.0,0.0,0.0,0.0,0.0,2150.0,2743.0,0.0,3238.0,0.0,0.0,0.0,0.0,0.0,961.0,0.0,0.0,0.0,0.0,0.0,0.0,0.0,0.0,0.0,1378.0,0.0,0.0,0.0,949.0,14442.0,18063.0,0.0,0.0,0.0,0.0,0.0,1162.0,2146.0,4851.0,1245.0,0.0,0.0,0.0,0.0,0.0,0.0,0.0,0.0,0.0,0.0,0.0,0.0,1261.0,0.0,0.0,0.0,0.0,0.0,7670.0,0.0,0.0,2293.0,0.0,1127.0,0.0,0.0,0.0,0.0,947.0,0.0,2384.0,1500.0,0.0,0.0,0.0,0.0,1880.0,1058.0,1735.0,0.0,4560.0,0.0,0.0,8735.0,0.0,0.0,1378.0,4014.0,0.0,0.0,0.0,3815.0,0.0,1261.0,0.0,0.0,0.0,0.0,0.0,0.0,0.0,0.0,0.0,0.0,0.0,11068.0,1330.0,0.0,0.0,0.0,1844.0,0.0,28448.0,1360.0,0.0,0.0,0.0,0.0,1846.0,0.0,892.0,0.0,2690.0,0.0,1459.0,0.0,0.0,2307.0,4998.0,0.0,0.0,0.0,0.0,2049.0,0.0,0.0,0.0,949.0,0.0,4199.0,71089.0,0.0,0.0,0.0,0.0,0.0,2186.0,0.0,0.0,2079.0,3444.0,0.0,1222.0,0.0,0.0,0.0,1500.0,0.0,32858.0,0.0,1374.0,1245.0,3235.0,0.0,0.0,0.0,4343.0,18946.0,0.0
201612,0.0,0.0,3639.0,0.0,0.0,0.0,0.0,994.0,0.0,0.0,6661.0,1954.0,4235.0,0.0,0.0,0.0,0.0,1966.0,0.0,11172.0,962.0,0.0,0.0,0.0,0.0,0.0,0.0,0.0,0.0,7411.0,0.0,986.0,863.0,0.0,0.0,1027.0,0.0,837.0,1746.0,0.0,0.0,0.0,0.0,0.0,0.0,0.0,0.0,0.0,986.0,0.0,0.0,837.0,0.0,9911.0,10802.0,0.0,0.0,0.0,0.0,0.0,0.0,1799.0,6133.0,1145.0,2192.0,0.0,0.0,994.0,2589.0,0.0,0.0,0.0,0.0,0.0,0.0,778.0,0.0,0.0,0.0,0.0,778.0,0.0,1050.0,1050.0,0.0,8301.0,879.0,2443.0,0.0,0.0,0.0,0.0,0.0,0.0,994.0,6874.0,0.0,0.0,0.0,0.0,0.0,792.0,0.0,3150.0,9713.0,0.0,0.0,6662.0,0.0,1145.0,0.0,0.0,0.0,0.0,0.0,0.0,0.0,0.0,0.0,0.0,0.0,1738.0,0.0,0.0,0.0,0.0,1007.0,0.0,0.0,5920.0,0.0,0.0,0.0,0.0,0.0,1775.0,12996.0,0.0,0.0,0.0,0.0,947.0,2928.0,0.0,2106.0,0.0,1582.0,5362.0,0.0,0.0,0.0,0.0,0.0,0.0,0.0,0.0,0.0,0.0,0.0,0.0,0.0,0.0,0.0,0.0,64557.0,0.0,0.0,0.0,3374.0,0.0,861.0,994.0,0.0,0.0,4427.0,0.0,2809.0,1481.0,962.0,768.0,0.0,0.0,16593.0,0.0,3150.0,0.0,2410.0,0.0,994.0,2589.0,3374.0,12411.0,0.0
201701,0.0,0.0,2219.0,0.0,0.0,0.0,0.0,0.0,0.0,0.0,1116.0,1710.0,3644.0,0.0,0.0,0.0,0.0,0.0,0.0,8016.0,0.0,0.0,0.0,0.0,0.0,0.0,0.0,0.0,0.0,900.0,0.0,0.0,0.0,0.0,0.0,0.0,0.0,1577.0,0.0,0.0,0.0,0.0,0.0,0.0,0.0,0.0,0.0,0.0,0.0,0.0,0.0,0.0,0.0,9172.0,9658.0,0.0,1016.0,0.0,0.0,0.0,1672.0,3434.0,0.0,0.0,807.0,0.0,0.0,0.0,0.0,0.0,0.0,0.0,1738.0,0.0,0.0,0.0,0.0,0.0,0.0,0.0,0.0,1423.0,1231.0,0.0,1348.0,1450.0,1348.0,877.0,0.0,0.0,1348.0,0.0,0.0,0.0,0.0,2224.0,900.0,0.0,876.0,0.0,0.0,846.0,0.0,0.0,9837.0,3631.0,0.0,5419.0,877.0,0.0,843.0,2067.0,0.0,0.0,0.0,0.0,807.0,806.0,1891.0,0.0,0.0,1423.0,0.0,0.0,0.0,0.0,841.0,0.0,0.0,6420.0,0.0,0.0,0.0,1016.0,942.0,940.0,23948.0,1423.0,0.0,0.0,876.0,0.0,2137.0,0.0,0.0,0.0,0.0,1483.0,0.0,0.0,0.0,0.0,980.0,0.0,0.0,0.0,0.0,0.0,0.0,0.0,0.0,0.0,0.0,3089.0,63765.0,0.0,0.0,1393.0,928.0,1649.0,3505.0,0.0,0.0,1649.0,1710.0,1707.0,0.0,0.0,0.0,0.0,0.0,0.0,21834.0,0.0,5278.0,0.0,928.0,0.0,0.0,0.0,0.0,9026.0,0.0
201702,0.0,0.0,2458.0,0.0,0.0,0.0,0.0,1077.0,0.0,0.0,0.0,2987.0,5673.0,0.0,0.0,0.0,0.0,0.0,0.0,6911.0,0.0,0.0,0.0,0.0,0.0,0.0,0.0,0.0,1048.0,917.0,1077.0,0.0,0.0,0.0,842.0,0.0,0.0,0.0,2959.0,850.0,0.0,0.0,0.0,844.0,0.0,830.0,1907.0,0.0,2336.0,0.0,0.0,0.0,0.0,13883.0,15801.0,0.0,0.0,0.0,0.0,0.0,0.0,3229.0,4723.0,1291.0,0.0,0.0,0.0,1170.0,0.0,0.0,0.0,0.0,0.0,1444.0,0.0,0.0,2465.0,1113.0,0.0,0.0,0.0,2403.0,0.0,0.0,0.0,2486.0,0.0,1720.0,2292.0,0.0,830.0,0.0,0.0,0.0,0.0,886.0,0.0,0.0,0.0,955.0,0.0,1100.0,0.0,0.0,3561.0,0.0,850.0,3728.0,0.0,0.0,0.0,917.0,852.0,0.0,0.0,0.0,1985.0,850.0,976.0,796.0,0.0,2557.0,0.0,0.0,0.0,0.0,0.0,0.0,0.0,1113.0,3229.0,0.0,0.0,0.0,0.0,952.0,15834.0,906.0,0.0,0.0,0.0,0.0,835.0,0.0,1525.0,0.0,4135.0,972.0,0.0,0.0,0.0,1907.0,0.0,0.0,0.0,0.0,0.0,0.0,0.0,0.0,0.0,1048.0,0.0,976.0,62542.0,0.0,0.0,0.0,0.0,0.0,842.0,0.0,976.0,0.0,7644.0,0.0,2968.0,0.0,796.0,0.0,1716.0,0.0,12790.0,850.0,1913.0,0.0,3008.0,0.0,0.0,0.0,2109.0,15522.0,0.0
201703,0.0,0.0,2311.0,0.0,0.0,0.0,0.0,2404.0,0.0,1422.0,839.0,2129.0,7354.0,0.0,1514.0,0.0,1514.0,0.0,0.0,10745.0,0.0,0.0,0.0,0.0,0.0,0.0,0.0,0.0,0.0,6631.0,1800.0,1176.0,1098.0,0.0,0.0,0.0,0.0,0.0,3395.0,0.0,0.0,0.0,0.0,0.0,0.0,0.0,0.0,0.0,4212.0,0.0,0.0,1062.0,0.0,10783.0,9861.0,0.0,0.0,0.0,0.0,0.0,1062.0,5853.0,3772.0,1252.0,0.0,0.0,0.0,1974.0,2264.0,0.0,0.0,0.0,0.0,0.0,0.0,0.0,0.0,0.0,0.0,0.0,0.0,0.0,4176.0,0.0,0.0,3741.0,934.0,1869.0,4668.0,1565.0,0.0,0.0,1486.0,0.0,0.0,0.0,0.0,0.0,934.0,0.0,1012.0,0.0,0.0,0.0,6838.0,0.0,0.0,10315.0,0.0,2074.0,1104.0,6309.0,0.0,0.0,969.0,0.0,0.0,2515.0,0.0,0.0,0.0,1797.0,0.0,0.0,0.0,0.0,0.0,0.0,0.0,2864.0,0.0,0.0,0.0,0.0,0.0,0.0,22799.0,1706.0,0.0,0.0,0.0,0.0,2428.0,0.0,3095.0,1565.0,0.0,5576.0,0.0,0.0,0.0,2368.0,0.0,0.0,0.0,0.0,0.0,2512.0,0.0,0.0,0.0,1565.0,0.0,0.0,64817.0,0.0,0.0,0.0,1422.0,0.0,0.0,0.0,0.0,0.0,8264.0,0.0,0.0,0.0,0.0,0.0,0.0,0.0,12786.0,0.0,1342.0,0.0,0.0,0.0,1759.0,0.0,1422.0,14285.0,0.0
201704,0.0,0.0,7864.0,0.0,0.0,0.0,0.0,0.0,0.0,0.0,968.0,2431.0,2918.0,0.0,0.0,0.0,0.0,5450.0,0.0,14360.0,1319.0,0.0,0.0,0.0,0.0,0.0,0.0,0.0,4324.0,2252.0,0.0,0.0,0.0,0.0,3693.0,0.0,0.0,0.0,938.0,0.0,0.0,0.0,0.0,0.0,0.0,1258.0,0.0,0.0,0.0,1087.0,0.0,1034.0,0.0,12500.0,15710.0,0.0,0.0,0.0,0.0,0.0,968.0,1570.0,1531.0,1087.0,1531.0,0.0,0.0,3571.0,2252.0,0.0,1258.0,0.0,3723.0,0.0,0.0,0.0,1308.0,0.0,0.0,1806.0,0.0,0.0,7108.0,0.0,0.0,1690.0,2321.0,0.0,2462.0,0.0,3613.0,0.0,0.0,0.0,1087.0,2355.0,0.0,0.0,0.0,0.0,0.0,3352.0,0.0,0.0,0.0,0.0,0.0,5293.0,0.0,0.0,0.0,3339.0,0.0,0.0,0.0,0.0,2586.0,1308.0,0.0,0.0,0.0,1082.0,0.0,0.0,0.0,0.0,3352.0,0.0,0.0,2952.0,0.0,0.0,0.0,0.0,0.0,1995.0,15732.0,0.0,0.0,0.0,0.0,0.0,2723.0,0.0,0.0,0.0,3005.0,1461.0,1087.0,0.0,0.0,1087.0,1590.0,1087.0,0.0,0.0,1087.0,2821.0,0.0,0.0,0.0,0.0,0.0,1723.0,74365.0,0.0,0.0,0.0,0.0,3693.0,938.0,1087.0,0.0,0.0,6090.0,0.0,1308.0,939.0,1319.0,0.0,0.0,0.0,17665.0,0.0,0.0,0.0,0.0,0.0,0.0,0.0,0.0,6123.0,0.0
201705,0.0,0.0,4659.0,0.0,0.0,0.0,0.0,2605.0,0.0,0.0,1078.0,5369.0,9922.0,0.0,0.0,0.0,0.0,1737.0,0.0,4055.0,0.0,0.0,0.0,0.0,0.0,0.0,0.0,0.0,0.0,3451.0,1479.0,0.0,0.0,0.0,0.0,0.0,0.0,0.0,0.0,0.0,0.0,0.0,0.0,0.0,0.0,0.0,1451.0,0.0,1256.0,0.0,0.0,0.0,0.0,17184.0,17419.0,0.0,0.0,0.0,0.0,0.0,0.0,5234.0,4492.0,1923.0,0.0,0.0,0.0,1162.0,1162.0,0.0,0.0,0.0,2684.0,0.0,0.0,0.0,0.0,2934.0,0.0,1801.0,0.0,0.0,7287.0,0.0,0.0,4103.0,3034.0,0.0,1451.0,0.0,4269.0,0.0,0.0,0.0,2648.0,1286.0,1310.0,0.0,0.0,0.0,0.0,0.0,0.0,1162.0,9929.0,0.0,1737.0,7979.0,0.0,0.0,1199.0,4378.0,0.0,0.0,0.0,0.0,0.0,0.0,0.0,0.0,0.0,3679.0,0.0,0.0,0.0,0.0,2684.0,0.0,0.0,3579.0,0.0,0.0,0.0,0.0,0.0,0.0,19297.0,2049.0,0.0,0.0,0.0,0.0,4093.0,0.0,3374.0,0.0,3565.0,1964.0,3774.0,0.0,0.0,2648.0,1625.0,0.0,0.0,0.0,0.0,0.0,0.0,0.0,0.0,0.0,2717.0,1769.0,79925.0,1960.0,0.0,0.0,0.0,0.0,1737.0,0.0,0.0,0.0,8895.0,1310.0,3536.0,1863.0,0.0,0.0,1286.0,0.0,15049.0,0.0,4182.0,0.0,0.0,0.0,0.0,0.0,0.0,14117.0,0.0
201706,0.0,0.0,3431.0,5569.0,0.0,0.0,0.0,3980.0,0.0,0.0,933.0,4726.0,8778.0,0.0,4798.0,0.0,1661.0,0.0,0.0,5227.0,5569.0,0.0,0.0,0.0,0.0,0.0,0.0,0.0,2816.0,1886.0,1106.0,0.0,0.0,0.0,0.0,0.0,0.0,0.0,0.0,0.0,0.0,0.0,0.0,0.0,0.0,0.0,0.0,0.0,0.0,0.0,0.0,0.0,0.0,16936.0,17278.0,0.0,0.0,0.0,0.0,0.0,0.0,2823.0,2477.0,2477.0,1549.0,0.0,0.0,0.0,0.0,0.0,933.0,0.0,3906.0,0.0,0.0,0.0,0.0,0.0,0.0,0.0,1908.0,0.0,0.0,0.0,0.0,3831.0,1991.0,0.0,0.0,0.0,1015.0,0.0,4328.0,1908.0,0.0,2054.0,0.0,0.0,0.0,0.0,0.0,0.0,0.0,0.0,3243.0,0.0,1149.0,9102.0,1661.0,0.0,0.0,3302.0,0.0,0.0,1005.0,0.0,0.0,0.0,0.0,0.0,0.0,5454.0,0.0,0.0,0.0,0.0,0.0,0.0,0.0,0.0,0.0,0.0,0.0,0.0,0.0,0.0,13347.0,1243.0,0.0,0.0,0.0,0.0,3499.0,0.0,3353.0,0.0,1243.0,1034.0,0.0,0.0,0.0,2111.0,2432.0,0.0,0.0,0.0,0.0,2543.0,0.0,0.0,0.0,947.0,0.0,2053.0,64147.0,0.0,0.0,0.0,0.0,0.0,1363.0,1113.0,0.0,0.0,10428.0,2543.0,0.0,0.0,0.0,0.0,0.0,0.0,9250.0,1037.0,0.0,0.0,0.0,0.0,0.0,0.0,6220.0,19674.0,0.0
201707,0.0,839.0,1865.0,0.0,0.0,0.0,0.0,0.0,0.0,0.0,0.0,1588.0,0.0,0.0,1999.0,0.0,0.0,0.0,1253.0,6422.0,817.0,0.0,0.0,0.0,0.0,0.0,0.0,0.0,1253.0,2812.0,1098.0,0.0,872.0,0.0,0.0,0.0,0.0,0.0,0.0,0.0,0.0,0.0,0.0,0.0,0.0,0.0,1871.0,0.0,1489.0,0.0,0.0,0.0,1253.0,12693.0,13371.0,0.0,0.0,0.0,0.0,0.0,3173.0,1013.0,3057.0,4033.0,0.0,0.0,0.0,0.0,807.0,0.0,1527.0,0.0,876.0,0.0,0.0,0.0,0.0,3252.0,0.0,0.0,0.0,0.0,2754.0,0.0,0.0,5749.0,817.0,0.0,1937.0,1253.0,0.0,0.0,0.0,0.0,830.0,852.0,5442.0,0.0,0.0,0.0,0.0,928.0,0.0,0.0,6095.0,0.0,1827.0,9820.0,0.0,0.0,872.0,807.0,0.0,0.0,3001.0,0.0,0.0,3354.0,0.0,0.0,0.0,1701.0,0.0,0.0,0.0,0.0,0.0,0.0,0.0,2851.0,1008.0,0.0,0.0,0.0,0.0,0.0,14427.0,2257.0,0.0,0.0,928.0,2607.0,0.0,0.0,2768.0,1253.0,2637.0,1077.0,0.0,0.0,0.0,830.0,2637.0,0.0,0.0,0.0,3001.0,0.0,0.0,0.0,0.0,1253.0,0.0,0.0,66114.0,0.0,0.0,0.0,835.0,0.0,1827.0,0.0,0.0,0.0,5319.0,4566.0,807.0,0.0,0.0,0.0,2344.0,0.0,23303.0,0.0,0.0,0.0,1665.0,0.0,0.0,0.0,0.0,2546.0,0.0
201708,0.0,0.0,0.0,0.0,0.0,0.0,0.0,0.0,0.0,0.0,0.0,896.0,6797.0,0.0,0.0,0.0,932.0,0.0,0.0,2920.0,1031.0,0.0,0.0,0.0,0.0,0.0,0.0,0.0,3607.0,1058.0,1484.0,0.0,0.0,0.0,0.0,0.0,0.0,0.0,977.0,0.0,0.0,0.0,0.0,1088.0,0.0,2589.0,3625.0,0.0,1954.0,0.0,0.0,0.0,2823.0,26867.0,11224.0,0.0,0.0,0.0,0.0,0.0,989.0,3907.0,3066.0,4959.0,0.0,960.0,0.0,1328.0,0.0,0.0,0.0,0.0,1952.0,0.0,0.0,0.0,879.0,2014.0,0.0,0.0,0.0,0.0,1031.0,0.0,0.0,11714.0,2432.0,0.0,0.0,0.0,1077.0,0.0,0.0,0.0,0.0,3424.0,844.0,0.0,0.0,0.0,1044.0,0.0,0.0,0.0,1840.0,0.0,911.0,14405.0,0.0,0.0,0.0,2102.0,0.0,0.0,0.0,0.0,0.0,3741.0,0.0,0.0,0.0,0.0,0.0,0.0,0.0,0.0,0.0,0.0,0.0,1840.0,960.0,0.0,0.0,0.0,0.0,4656.0,20797.0,2713.0,0.0,0.0,0.0,0.0,4374.0,0.0,8305.0,0.0,4035.0,0.0,0.0,0.0,0.0,1923.0,0.0,0.0,0.0,0.0,0.0,0.0,0.0,0.0,0.0,0.0,0.0,0.0,67568.0,0.0,0.0,0.0,0.0,0.0,1044.0,0.0,0.0,0.0,3906.0,844.0,1328.0,0.0,0.0,929.0,0.0,0.0,27036.0,0.0,0.0,0.0,2627.0,0.0,0.0,932.0,0.0,7226.0,0.0
201709,0.0,0.0,1088.0,1868.0,0.0,0.0,0.0,1633.0,0.0,0.0,0.0,4224.0,4925.0,0.0,3851.0,0.0,0.0,0.0,0.0,2722.0,1868.0,0.0,0.0,1525.0,0.0,0.0,892.0,0.0,1048.0,3943.0,0.0,0.0,0.0,0.0,0.0,0.0,0.0,0.0,924.0,0.0,0.0,0.0,0.0,942.0,0.0,0.0,0.0,0.0,2793.0,0.0,0.0,0.0,1270.0,7598.0,17732.0,0.0,0.0,0.0,0.0,0.0,0.0,6537.0,2550.0,7073.0,2054.0,0.0,0.0,853.0,1671.0,0.0,0.0,0.0,1522.0,0.0,0.0,0.0,0.0,0.0,0.0,0.0,0.0,0.0,1122.0,0.0,0.0,10112.0,0.0,892.0,3816.0,0.0,2747.0,0.0,0.0,0.0,0.0,2723.0,0.0,0.0,0.0,0.0,933.0,0.0,0.0,6972.0,10064.0,1823.0,0.0,15486.0,0.0,0.0,1350.0,4226.0,0.0,0.0,2477.0,0.0,3960.0,937.0,2351.0,0.0,0.0,0.0,0.0,0.0,0.0,0.0,1522.0,0.0,0.0,1269.0,0.0,0.0,0.0,0.0,0.0,2905.0,18933.0,0.0,0.0,0.0,0.0,0.0,4749.0,0.0,3429.0,0.0,0.0,3429.0,0.0,0.0,0.0,0.0,2094.0,0.0,0.0,0.0,1387.0,0.0,0.0,0.0,0.0,2722.0,0.0,5644.0,47844.0,0.0,3237.0,0.0,0.0,0.0,2092.0,0.0,0.0,0.0,1213.0,2141.0,853.0,933.0,0.0,0.0,0.0,0.0,5245.0,0.0,6972.0,0.0,0.0,0.0,0.0,0.0,2810.0,13206.0,0.0
201710,0.0,0.0,1691.0,1089.0,0.0,0.0,0.0,0.0,0.0,1289.0,1098.0,2042.0,6587.0,0.0,0.0,0.0,0.0,1151.0,0.0,2250.0,2240.0,0.0,0.0,0.0,0.0,0.0,0.0,0.0,2915.0,1289.0,1078.0,0.0,4571.0,0.0,0.0,0.0,0.0,0.0,0.0,0.0,0.0,0.0,0.0,0.0,0.0,0.0,0.0,0.0,0.0,0.0,0.0,0.0,0.0,16795.0,15388.0,0.0,0.0,0.0,0.0,0.0,0.0,3397.0,903.0,0.0,1067.0,0.0,0.0,1177.0,0.0,0.0,0.0,0.0,1874.0,0.0,0.0,0.0,0.0,0.0,0.0,0.0,1042.0,0.0,4582.0,0.0,0.0,5758.0,2229.0,1114.0,0.0,0.0,2039.0,0.0,0.0,0.0,1177.0,0.0,0.0,0.0,0.0,0.0,0.0,0.0,2808.0,0.0,9360.0,0.0,0.0,15131.0,2694.0,988.0,0.0,1474.0,0.0,0.0,0.0,0.0,2104.0,1114.0,1812.0,0.0,0.0,0.0,0.0,0.0,0.0,0.0,3686.0,0.0,0.0,1151.0,0.0,0.0,0.0,0.0,0.0,1067.0,33109.0,1040.0,1614.0,0.0,0.0,1082.0,12328.0,0.0,1719.0,0.0,2048.0,2238.0,1151.0,0.0,0.0,3164.0,0.0,0.0,0.0,0.0,0.0,5285.0,0.0,0.0,0.0,1378.0,0.0,2965.0,31900.0,0.0,0.0,0.0,0.0,0.0,0.0,1177.0,1297.0,0.0,16555.0,0.0,1042.0,0.0,0.0,0.0,0.0,0.0,13630.0,0.0,9360.0,0.0,3426.0,0.0,0.0,0.0,1037.0,9421.0,0.0
201711,0.0,1197.0,2275.0,0.0,0.0,0.0,0.0,0.0,0.0,0.0,2456.0,2701.0,1005.0,0.0,1095.0,0.0,1095.0,0.0,0.0,8084.0,1317.0,0.0,0.0,1563.0,0.0,0.0,939.0,0.0,2269.0,4196.0,6241.0,1197.0,0.0,0.0,0.0,0.0,0.0,0.0,978.0,0.0,0.0,0.0,0.0,0.0,0.0,0.0,4478.0,0.0,3130.0,0.0,0.0,0.0,5303.0,22742.0,18242.0,0.0,0.0,0.0,0.0,0.0,1977.0,10262.0,3018.0,3211.0,1197.0,0.0,0.0,1217.0,1217.0,0.0,0.0,0.0,2596.0,0.0,0.0,0.0,0.0,0.0,0.0,0.0,1388.0,0.0,0.0,0.0,7563.0,13967.0,4693.0,939.0,0.0,0.0,1197.0,0.0,2134.0,0.0,0.0,3331.0,0.0,0.0,0.0,0.0,978.0,0.0,1217.0,0.0,2199.0,0.0,0.0,19789.0,0.0,0.0,0.0,2939.0,0.0,0.0,0.0,978.0,0.0,0.0,0.0,0.0,0.0,1388.0,0.0,0.0,0.0,0.0,0.0,0.0,0.0,0.0,0.0,0.0,0.0,0.0,3130.0,1520.0,22644.0,1708.0,1009.0,0.0,0.0,997.0,8132.0,0.0,3130.0,0.0,1142.0,1217.0,1174.0,0.0,0.0,2468.0,1388.0,0.0,0.0,939.0,0.0,0.0,0.0,0.0,0.0,2269.0,0.0,2674.0,37388.0,1217.0,0.0,0.0,0.0,7238.0,0.0,0.0,0.0,1238.0,14229.0,4650.0,0.0,1407.0,1723.0,0.0,0.0,0.0,20111.0,0.0,0.0,0.0,1520.0,0.0,0.0,0.0,1095.0,6553.0,0.0
201712,0.0,0.0,921.0,0.0,0.0,0.0,0.0,0.0,0.0,0.0,1129.0,1644.0,6175.0,0.0,0.0,0.0,0.0,0.0,0.0,3439.0,3908.0,0.0,0.0,0.0,0.0,0.0,0.0,0.0,793.0,1665.0,2189.0,0.0,1272.0,0.0,0.0,0.0,0.0,0.0,1272.0,0.0,953.0,0.0,0.0,0.0,0.0,0.0,5469.0,0.0,0.0,0.0,0.0,1129.0,793.0,14480.0,8825.0,0.0,0.0,0.0,0.0,0.0,1129.0,3081.0,0.0,0.0,0.0,0.0,0.0,772.0,0.0,0.0,0.0,0.0,2137.0,0.0,0.0,0.0,0.0,2332.0,767.0,1220.0,0.0,0.0,3957.0,1732.0,0.0,5092.0,2991.0,716.0,0.0,0.0,1732.0,0.0,929.0,0.0,1878.0,1732.0,1272.0,0.0,0.0,0.0,0.0,0.0,0.0,0.0,6070.0,0.0,0.0,4882.0,0.0,0.0,0.0,1665.0,0.0,0.0,2684.0,0.0,1565.0,2829.0,0.0,0.0,0.0,5637.0,0.0,0.0,0.0,0.0,0.0,0.0,0.0,3631.0,1220.0,0.0,0.0,0.0,0.0,1220.0,9268.0,1220.0,0.0,0.0,0.0,675.0,3095.0,0.0,1665.0,0.0,1220.0,0.0,729.0,0.0,0.0,2783.0,3349.0,0.0,0.0,0.0,2684.0,0.0,0.0,0.0,0.0,0.0,0.0,800.0,24739.0,0.0,0.0,1272.0,0.0,0.0,2829.0,1062.0,1220.0,0.0,9442.0,960.0,0.0,2692.0,953.0,0.0,0.0,0.0,3997.0,0.0,2207.0,0.0,0.0,0.0,0.0,0.0,0.0,6351.0,823.0
201801,0.0,0.0,2483.0,0.0,0.0,0.0,0.0,1049.0,0.0,0.0,0.0,5312.0,5832.0,0.0,0.0,0.0,1719.0,1952.0,0.0,4174.0,0.0,0.0,0.0,0.0,0.0,0.0,0.0,0.0,996.0,827.0,0.0,1082.0,827.0,0.0,0.0,0.0,0.0,0.0,2715.0,2762.0,0.0,0.0,0.0,0.0,0.0,0.0,5472.0,0.0,0.0,0.0,0.0,0.0,0.0,21708.0,20359.0,0.0,0.0,0.0,0.0,0.0,2465.0,4270.0,2757.0,1921.0,0.0,0.0,0.0,1184.0,0.0,0.0,0.0,0.0,7151.0,0.0,0.0,0.0,0.0,1376.0,0.0,1315.0,3386.0,981.0,1005.0,0.0,0.0,8592.0,0.0,0.0,2937.0,0.0,0.0,0.0,0.0,0.0,1047.0,1199.0,0.0,0.0,0.0,0.0,1585.0,0.0,0.0,866.0,7483.0,0.0,0.0,14156.0,0.0,0.0,0.0,2575.0,0.0,0.0,0.0,0.0,0.0,1199.0,2978.0,0.0,0.0,9247.0,0.0,0.0,0.0,0.0,955.0,0.0,0.0,1994.0,2174.0,0.0,0.0,0.0,0.0,2552.0,27904.0,3059.0,1049.0,0.0,0.0,2348.0,3686.0,0.0,1930.0,0.0,3472.0,3659.0,0.0,0.0,0.0,4378.0,2165.0,0.0,0.0,0.0,0.0,0.0,0.0,0.0,0.0,2262.0,0.0,3644.0,27152.0,0.0,0.0,1719.0,0.0,0.0,0.0,0.0,0.0,0.0,1199.0,0.0,0.0,0.0,0.0,0.0,0.0,0.0,17941.0,0.0,866.0,2762.0,2050.0,0.0,0.0,0.0,0.0,8947.0,0.0
201802,0.0,0.0,0.0,0.0,0.0,2354.0,0.0,0.0,967.0,0.0,0.0,1677.0,3795.0,0.0,0.0,776.0,0.0,1722.0,0.0,4107.0,1448.0,0.0,0.0,0.0,0.0,791.0,0.0,0.0,3817.0,1063.0,1004.0,0.0,0.0,0.0,0.0,0.0,0.0,0.0,4657.0,0.0,0.0,0.0,0.0,0.0,0.0,0.0,1228.0,0.0,1269.0,0.0,850.0,0.0,1857.0,17242.0,15342.0,0.0,0.0,0.0,0.0,0.0,0.0,1547.0,1722.0,736.0,1541.0,0.0,967.0,882.0,0.0,0.0,0.0,0.0,752.0,1710.0,0.0,0.0,1499.0,850.0,0.0,1061.0,1514.0,1713.0,1932.0,0.0,0.0,1547.0,0.0,0.0,4130.0,0.0,933.0,0.0,0.0,0.0,924.0,933.0,0.0,0.0,0.0,0.0,0.0,0.0,0.0,0.0,5676.0,2280.0,933.0,11423.0,0.0,0.0,0.0,4230.0,0.0,0.0,967.0,0.0,1817.0,1200.0,750.0,0.0,0.0,2848.0,0.0,0.0,0.0,0.0,1228.0,0.0,0.0,1061.0,0.0,776.0,0.0,0.0,805.0,2873.0,22666.0,3779.0,0.0,0.0,0.0,1072.0,3948.0,805.0,1047.0,0.0,3120.0,1878.0,0.0,0.0,0.0,3568.0,923.0,0.0,0.0,0.0,0.0,0.0,0.0,0.0,0.0,2842.0,0.0,3481.0,31854.0,923.0,750.0,0.0,0.0,0.0,1991.0,905.0,0.0,791.0,7636.0,0.0,0.0,0.0,0.0,0.0,1448.0,0.0,12016.0,0.0,1549.0,0.0,1667.0,0.0,0.0,0.0,776.0,5609.0,0.0
